,Ast,End,Mic,Neu,Oli
Bulk 0,0.1907543177542564,0.07792509936340428,0.0857127758976433,0.39564604595025293,0.24996176103444318
Bulk 1,0.395409636330274,0.13192049655723445,0.046551187860548585,0.33248861624753434,0.09363006300440847
Bulk 2,0.19401952926076108,0.24152010011355776,0.0485677607129315,0.2453963377586985,0.2704962721540511
Bulk 3,0.027059244419319402,0.24190047378679624,0.11691695875671186,0.32289833122776346,0.291224991809409
Bulk 4,0.4223942386245432,0.12316126459775933,0.0,0.22314425587348716,0.23130024090421028
Bulk 5,0.12451896644671438,0.21581451172035815,0.05428480429655935,0.3289471064096255,0.27643461112674267
Bulk 6,0.28853753420294453,0.17781806445284,0.10413487415215349,0.20395665236710434,0.22555287482495776
Bulk 7,0.3106816966286554,0.171445958480109,0.03776910756726845,0.2873579609636386,0.1927452763603287
Bulk 8,0.47636425359318935,0.18572590693975102,0.025963644154273897,0.19576882043833002,0.11617737487445574
Bulk 9,0.46662249730179584,0.1542763675515693,0.0,0.02851323873479919,0.3505878964118357
Bulk 10,0.14576170757665943,0.2581277533510139,0.058368413354091715,0.30477598172195186,0.2329661439962831
Bulk 11,0.16520048845839455,0.2204360333167714,0.07004781457531974,0.33852055745873844,0.20579510619077582
Bulk 12,0.6022657327352285,0.0,0.0,0.33193992713190257,0.06579434013286886
Bulk 13,0.027012454424212053,0.18438551052516927,0.1351683296424834,0.45914902292215004,0.19428468248598518
Bulk 14,0.7332457639803569,0.05393564398997871,0.0,0.02828372477517502,0.18453486725448934
Bulk 15,0.32784207495698536,0.12656591179951399,0.059739010902489405,0.31630364650631526,0.16954935583469602
Bulk 16,0.17105812804096696,0.21151068374027074,0.040019214554866435,0.33075108597941455,0.2466608876844813
Bulk 17,0.3515045105671915,0.1095126420253931,0.18271124547009343,0.21030751460355596,0.1459640873337662
Bulk 18,0.030818082466578512,0.21962487825812652,0.19672264368884013,0.3836970391647228,0.1691373564217321
Bulk 19,0.31621098423631466,0.10496565180685428,0.05176442526983981,0.4221463761175223,0.10491256256946874
Bulk 20,0.20335870460381014,0.031134103079485165,0.09907028969357794,0.5827757123959769,0.08366119022714977
Bulk 21,0.09007199112426775,0.19600578141975675,0.03745325213791962,0.36951746401859115,0.30695151129946463
Bulk 22,0.06198188290044381,0.23082338398262903,0.036362705528008236,0.489030616217223,0.18180141137169586
Bulk 23,0.04332716296679722,0.22043862410199333,0.08484994324454678,0.3611481998967496,0.2902360697899131
Bulk 24,0.2107977954455303,0.10176026793327603,0.19114240955100129,0.3732137247032256,0.12308580236696692
Bulk 25,0.2495966026112339,0.12910164091082657,0.09325956180310598,0.358051753517625,0.16999044115720838
Bulk 26,0.18330796854586753,0.2320790726447521,0.0,0.2671643155659437,0.3174486432434367
Bulk 27,0.7729448150052385,0.0353340209325428,0.0,0.04432003728212951,0.1474011267800893
Bulk 28,0.44950730869960936,0.045637374161776885,0.01662348723918149,0.3724802711249484,0.1157515587744839
Bulk 29,0.31451664746748303,0.1477302957694246,0.12212348186461522,0.19866092979517255,0.2169686451033046
Bulk 30,0.3486102203385786,0.0958473463337827,0.03411681519085043,0.2644971189397547,0.25692849919703353
Bulk 31,0.3513361492394433,0.13051236040825756,0.0,0.26632770779007997,0.25182378256221916
Bulk 32,0.2570645276033101,0.07234372748747002,0.13692933123886825,0.3576767986807016,0.17598561498965
Bulk 33,0.0,0.14681051573656398,0.1238266527451748,0.5604877052219339,0.16887512629632734
Bulk 34,0.13135044753525307,0.17749304197806542,0.11411414427454561,0.3474760304395893,0.22956633577254662
Bulk 35,0.4009533671193291,0.16035788089083977,0.006866223563877017,0.2797306542045929,0.15209187422136122
Bulk 36,0.2923637974648687,0.11742626738876212,0.18749114572208242,0.29481953108620435,0.10789925833808227
Bulk 37,0.48038524758361834,0.08287096170818298,0.0,0.3458316426956748,0.09091214801252384
Bulk 38,0.28263901800917907,0.1425726687792343,0.06959433565656598,0.2645136410339268,0.24068033652109372
Bulk 39,0.16605638977133003,0.13170755701224474,0.11667393705752671,0.4518175010758376,0.13374461508306096
Bulk 40,0.4581659682647255,0.150133810954764,0.0,0.23902220626805462,0.1526780145124559
Bulk 41,0.5543142532805155,0.09288305406764125,0.06162300642509608,0.15056625327091305,0.14061343295583423
Bulk 42,0.12442614892257199,0.14830190600366538,0.12843794754671187,0.43033394380824924,0.16850005371880158
Bulk 43,0.12599236766444247,0.12749809825106256,0.13766502289652685,0.4158549256390766,0.1929895855488916
Bulk 44,0.07186352729377112,0.18750985378183913,0.09635922469799905,0.341341897275694,0.30292549695069676
Bulk 45,0.5922946049609766,0.1058198446083774,0.07797755061356129,0.016873434834429876,0.20703456498265485
Bulk 46,0.632958467936686,0.10621390179198356,0.0,0.10991120495204536,0.15091642531928504
Bulk 47,0.1515850911323034,0.23420370946506625,0.0,0.23333554951390142,0.38087564988872885
Bulk 48,0.4936691571195372,0.06497753319135958,0.04784327036206283,0.11070220999557255,0.2828078293314678
Bulk 49,0.11751763279101018,0.2641600005616293,0.029409507312271578,0.2841637381230975,0.3047491212119914
Bulk 50,0.4489267234616839,0.0,0.08007016930713415,0.3436370480324005,0.12736605919878144
Bulk 51,0.17717422452477438,0.160110917085281,0.08170192627373292,0.34193221808748303,0.2390807140287287
Bulk 52,0.3924063386649365,0.06031064539268242,0.0,0.24131729422127057,0.30596572172111064
Bulk 53,0.38297241000875604,0.03946986249604316,0.12317793948947245,0.45437978800572837,0.0
Bulk 54,0.3771568652613874,0.0,0.13459521572584762,0.33914102793065865,0.14910689108210629
Bulk 55,0.1202852739409939,0.1512605249190865,0.11015374178891396,0.32426398510580945,0.29403647424519624
Bulk 56,0.4132887576205495,0.10589931658526049,0.1551411434801597,0.13941836500563815,0.18625241730839212
Bulk 57,0.3275813887866218,0.1418800439886374,0.23048262129876285,0.19688415642446808,0.10317178950150978
Bulk 58,0.33614710278570176,0.1270455043380139,0.14224989979655076,0.22880037121437047,0.16575712186536312
Bulk 59,0.438335838007609,0.1100704684116167,0.01996543639699892,0.23419877203914705,0.1974294851446284
Bulk 60,0.053873405633815784,0.2944471376443346,0.0665589674424457,0.2817292203437909,0.30339126893561297
Bulk 61,0.0895432376733968,0.15731163412974428,0.08938400025629177,0.34261874880677107,0.32114237913379606
Bulk 62,0.2794844946795592,0.046917384699249116,0.32578379583744405,0.16541104154980968,0.18240328323393784
Bulk 63,0.546534943343308,0.04455408561585799,0.08524930849093272,0.13394001072724185,0.18972165182265938
Bulk 64,0.15837511000691246,0.07457126560927815,0.22695395814856162,0.39173999484088945,0.14835967139435835
Bulk 65,0.6617654474420169,0.03952889681078729,0.05177609773435691,0.05574755883932858,0.19118199917351034
Bulk 66,0.20937974780331137,0.22108000332444003,0.11949687232138098,0.18687807778332763,0.2631652987675399
Bulk 67,0.40030348367563406,0.03315072844308075,0.03362561249102338,0.2751436364207571,0.2577765389695047
Bulk 68,0.3645247779864357,0.05153760889938955,0.06214249123935498,0.3315962187251496,0.19019890314967003
Bulk 69,0.22477754847054623,0.2286609492700085,0.01243409564395511,0.2655720243121003,0.2685553823033899
Bulk 70,0.18563147218472703,0.10537916191729182,0.06003798118063329,0.4764242202669807,0.172527164450367
Bulk 71,0.36609926237128293,0.1335444767421185,0.0,0.30988463365810043,0.19047162722849803
Bulk 72,0.19627126830897926,0.14332434514830403,0.0,0.4290999588525755,0.2313044276901412
Bulk 73,0.4811127779081889,0.16555757254092857,0.0378381162562931,0.03369886760100146,0.28179266569358813
Bulk 74,0.1172797376833325,0.20000562722811066,0.09703065096394833,0.2908364325615753,0.29484755156303316
Bulk 75,0.5667922028805756,0.025177853628171817,0.0,0.34258548906081726,0.06544445443043533
Bulk 76,0.21642990047038405,0.23798184314893855,0.0,0.355412347802212,0.19017590857846522
Bulk 77,0.07691197006632954,0.18687346509128674,0.3214442622821985,0.28529340243006057,0.12947690013012467
Bulk 78,0.5042211679846607,0.08315633473941059,0.003116064612687044,0.23699759822172375,0.1725088344415181
Bulk 79,0.29441339658484755,0.0773959423753811,0.0,0.45507914765960866,0.1731115133801628
Bulk 80,0.21860664211472458,0.24063753289743914,0.14900955844833771,0.14932439827025756,0.242421868269241
Bulk 81,0.5083213110614795,0.08987267322337317,0.0,0.12585223140033272,0.2759537843148147
Bulk 82,0.5108655527829504,0.05580298802928722,0.20941190132044882,0.22391955786731355,0.0
Bulk 83,0.2731151923452722,0.14409190896154328,0.032593552954891546,0.26420365201965185,0.2859956937186411
Bulk 84,0.09051392453878611,0.1928716322402487,0.08074747260364089,0.4053024792286027,0.23056449138872157
Bulk 85,0.0,0.2505781798913202,0.06500437248200669,0.2927726770001925,0.3916447706264805
Bulk 86,0.12765081781307633,0.2029265076978627,0.060118980219595726,0.34627622135305847,0.26302747291640693
Bulk 87,0.4575074924588295,0.067449182451868,0.0,0.27517483199085735,0.1998684930984451
Bulk 88,0.2618114767928333,0.16504503727016215,0.05283833927613646,0.32435699249076727,0.19594815417010078
Bulk 89,0.2037923504154056,0.20189081729006145,0.0,0.280066644367164,0.31425018792736903
Bulk 90,0.2750759273044271,0.0705519460882595,0.14842997058080523,0.34259330475524497,0.1633488512712632
Bulk 91,0.27948529620246404,0.1368331294003527,0.0,0.3764646543630265,0.20721692003415673
Bulk 92,0.3305260472610855,0.21245944535233977,0.0,0.14564380509475144,0.3113707022918233
Bulk 93,0.15073710888337458,0.2303164683775531,0.08011353413069659,0.28761965437133774,0.25121323423703806
Bulk 94,0.30022129987220997,0.07526882792855849,0.1617991115967372,0.39669404138088205,0.06601671922161224
Bulk 95,0.1342572544000128,0.10614055095145569,0.11605843187319805,0.45089880159796036,0.19264496117737315
Bulk 96,0.9429817484198916,0.0,0.0,0.0,0.05701825158010855
Bulk 97,0.21105309935570077,0.14700274452231485,0.27770177447285443,0.25382725103984255,0.11041513060928751
Bulk 98,0.29522220966763063,0.12149133669518342,0.2123165717331111,0.248403962616703,0.12256591928737177
Bulk 99,0.24405777639250711,0.18858083841549822,0.063652627461405,0.25198826989810647,0.25172048783248324
Bulk 100,0.04828930680960596,0.2685590854928039,0.02502461640697924,0.32358678869830265,0.33454020259230827
Bulk 101,0.669475788187498,0.04630627943648692,0.02274817364252098,0.10257948947677314,0.1588902692567208
Bulk 102,0.1257327689791309,0.10495027530142391,0.11258042021020595,0.5068202971544544,0.1499162383547848
Bulk 103,0.19080598626706535,0.05726916563088221,0.17220700805372735,0.40887339409314155,0.17084444595518358
Bulk 104,0.4072123144883877,0.0558070665730474,0.0,0.31107002290528213,0.22591059603328287
Bulk 105,0.7151535615836554,0.0,0.0,0.14421807433773,0.14062836407861465
Bulk 106,0.22530774335232798,0.1605862832653847,0.1576859617902311,0.27284363989174154,0.1835763717003147
Bulk 107,0.41702216838301404,0.020082395120857965,0.042930898762028845,0.28635141867420144,0.2336131190598977
Bulk 108,0.1827186260192088,0.1902271121017397,0.004735571702919597,0.2900010183875225,0.33231767178860927
Bulk 109,0.11281184603448724,0.19048119590005852,0.065637196009133,0.4014734945655123,0.2295962674908091
Bulk 110,0.7338555219242838,0.04375058396463317,0.09564860304597088,0.0,0.126745291065112
Bulk 111,0.696483001443588,0.06820324145825361,0.0,0.05055294738684662,0.18476080971131176
Bulk 112,0.3286307786307722,0.14661917129666477,0.11236070917974422,0.37877406639507527,0.033615274497743555
Bulk 113,0.6179449851473728,0.08449503361073178,0.0,0.0728371393661015,0.22472284187579383
Bulk 114,0.4830242263524566,0.1893822466577837,0.0,0.11255580873549023,0.2150377182542694
Bulk 115,0.44663668283616736,0.19301701755262674,0.0,0.0876096356756578,0.27273666393554813
Bulk 116,0.18264326046022047,0.22516764944298123,0.05189518622482009,0.3267541236943311,0.2135397801776471
Bulk 117,0.0315578709404456,0.21493584790135914,0.09185537760505393,0.36108357164476507,0.30056733190837637
Bulk 118,0.25350878832535007,0.1108628598231677,0.13708867157767335,0.354825759668383,0.14371392060542593
Bulk 119,0.3374894124652687,0.17423750228896817,0.0,0.2601485422430219,0.2281245430027412
Bulk 120,0.6202884187428018,0.009672607688870653,0.0,0.23603594484068136,0.13400302872764633
Bulk 121,0.4121373982289264,0.05972424284786656,0.0,0.3134034531817778,0.21473490574142928
Bulk 122,0.4661388723111183,0.07336715347748174,0.2638000121579607,0.0,0.1966939620534392
Bulk 123,0.33567781821868387,0.12815215384504075,0.09913363795831598,0.20526039894724052,0.23177599103071891
Bulk 124,0.1287067831908253,0.1729927094549331,0.07075565699988146,0.3365940208317785,0.2909508295225816
Bulk 125,0.5575973764497903,0.1299721288578434,0.0,0.06579954327857265,0.24663095141379351
Bulk 126,0.020829006563059714,0.27544203591870764,0.0783897370387194,0.35004573827770663,0.2752934822018066
Bulk 127,0.21516259990075748,0.21686030862493944,0.07511053764819459,0.17450405367137026,0.3183625001547382
Bulk 128,0.1846349079925934,0.17303072566083172,0.14585780649600907,0.2672190668121886,0.22925749303837714
Bulk 129,0.35847599839737204,0.2023869100397762,0.0,0.15209357695982512,0.28704351460302663
Bulk 130,0.1416833618428705,0.15859000963554717,0.2991501646849317,0.31130701173015113,0.08926945210649948
Bulk 131,0.487204276434687,0.04172567439572974,0.0947450697514589,0.14121464598394814,0.23511033343417617
Bulk 132,0.5705495838454014,0.17121332402565279,0.0,0.06365380897131394,0.19458328315763185
Bulk 133,0.821503216185452,0.004387315725920669,0.0,0.051152978982926436,0.12295648910570088
Bulk 134,0.3898411926856326,0.06884276636667118,0.020081845236154593,0.32414747411484873,0.1970867215966929
Bulk 135,0.26446035113103655,0.15953288288253,0.010640551619476675,0.2543421392717914,0.3110240750951653
Bulk 136,0.1302067457540884,0.2355187369859079,0.13838391000219352,0.2481172916663262,0.24777331559148402
Bulk 137,0.5830430590636644,0.12214476598381269,0.0,0.14776412679794837,0.14704804815457473
Bulk 138,0.0921343004861111,0.22482499386009167,0.1298450907370727,0.30745877617625406,0.2457368387404705
Bulk 139,0.5329401057617384,0.062242278184491205,0.11840827974638703,0.0,0.28640933630738336
Bulk 140,0.2915346413534132,0.19016606910096834,0.0642728057342168,0.24355445118026098,0.21047203263114053
Bulk 141,0.30585796734213777,0.15515424841439077,0.06231345349698662,0.221539430117615,0.25513490062886984
Bulk 142,0.3108119753897099,0.005249662678339883,0.44606085636271603,0.11837105721098284,0.11950644835825143
Bulk 143,0.3085428271529457,0.15216045618529098,0.0983675546698642,0.2748526215016092,0.16607654049028994
Bulk 144,0.13228791696151282,0.1421181783870869,0.17829587004509143,0.33627417866611486,0.21102385594019402
Bulk 145,0.5417146350339104,0.08147659375276446,0.0,0.2832171826464018,0.09359158856692341
Bulk 146,0.10425970966110774,0.16880518710435308,0.16245456420295704,0.23746024511829988,0.3270202939132822
Bulk 147,0.16378941707447636,0.15819004339876605,0.14890855865631245,0.41752133195059243,0.11159064891985265
Bulk 148,0.47130253246229015,0.0459962212027447,0.047775526743103286,0.24768574054141976,0.18723997905044212
Bulk 149,0.2757118472133142,0.046669655305268634,0.11831248974095869,0.487588092814479,0.0717179149259794
Bulk 150,0.013451062293055687,0.2085946674737597,0.07127291625461088,0.42208788322460855,0.2845934707539651
Bulk 151,0.32090185372635505,0.14859394028740588,0.17297693725536512,0.18974452732618644,0.16778274140468744
Bulk 152,0.43692332486347507,0.13011295385133212,0.02976764175886027,0.13356563070621663,0.26963044882011594
Bulk 153,0.2717945027281718,0.21204724436781613,0.0,0.25612758454106516,0.2600306683629469
Bulk 154,0.21414306585966558,0.1647976834443803,0.09813540083640318,0.3056283167131678,0.2172955331463832
Bulk 155,0.16852644139667963,0.10843744326434493,0.15047712529677257,0.38210882666908835,0.19045016337311443
Bulk 156,0.1777102617038246,0.2464590689716982,0.11278979923505268,0.22394296218436718,0.23909790790505742
Bulk 157,0.17891466044734827,0.20937061866413514,0.06473215857950607,0.3892118455697031,0.15777071673930754
Bulk 158,0.4068194466256495,0.11466985651231014,0.11875808428488437,0.31035534809564896,0.04939726448150696
Bulk 159,0.25215594389035684,0.1589419158307674,0.11635820895713601,0.27465648800699816,0.19788744331474156
Bulk 160,0.3610568282626874,0.16544656469178548,0.0,0.23448827001092806,0.2390083370345991
Bulk 161,0.15661813626348658,0.21158853786491488,0.18912052578045033,0.1675887553110189,0.2750840447801293
Bulk 162,0.24012409426666365,0.24651781750105659,0.025344383264392277,0.2226331923909434,0.26538051257694406
Bulk 163,0.11365911303647357,0.21002665119157352,0.10799725927563275,0.24431168757270913,0.32400528892361113
Bulk 164,0.23012440479794646,0.22797717919195423,0.019495443327963276,0.26418046104710774,0.2582225116350282
Bulk 165,0.5973744612394806,0.055584573232508636,0.0,0.10569666756479466,0.2413442979632163
Bulk 166,0.8138613761745479,0.0,0.0,0.12582725815791648,0.06031136566753568
Bulk 167,0.7398622827224822,0.051453882597983995,0.0,0.20868383467953378,0.0
Bulk 168,0.06234848700501241,0.07739105132449717,0.19891527861509667,0.6173473090243121,0.04399787403108176
Bulk 169,0.45214205344288944,0.189011962078013,0.0,0.0,0.3588459844790976
Bulk 170,0.3383587517424136,0.13202594015104863,0.0699503641316929,0.24868179891783607,0.21098314505700888
Bulk 171,0.22791031052348656,0.0556625434495167,0.0,0.4543285099166258,0.2620986361103708
Bulk 172,0.3288173107182509,0.018005574419330327,0.14823186505388086,0.414202520276936,0.09074272953160202
Bulk 173,0.614559555690803,0.0718210908944868,0.0,0.0,0.3136193534147103
Bulk 174,0.35726336264140396,0.14938897320617822,0.08508055177655717,0.3049399044269885,0.10332720794887217
Bulk 175,0.40620715118052314,0.07627165785653059,0.06643612911863668,0.2333820994406286,0.217702962403681
Bulk 176,0.0964356486548795,0.2266229153335998,0.0624811133014421,0.34655098575895715,0.2679093369511214
Bulk 177,0.016450843361778766,0.1428718846292789,0.1622055790891795,0.45143864196141004,0.22703305095835274
Bulk 178,0.4121589795524375,0.11388511540658547,0.0,0.12231010099435104,0.351645804046626
Bulk 179,0.21994668167968323,0.2512696944437416,0.0,0.2820820198590422,0.24670160401753294
Bulk 180,0.20162462150304605,0.2771911774320035,0.0967479316478437,0.2475010609058398,0.17693520851126698
Bulk 181,0.19983075747421827,0.1693060229219082,0.1563196901380147,0.23795897012631068,0.2365845593395481
Bulk 182,0.16309589133117075,0.24777864623907128,0.03349396712181837,0.2456484196661252,0.3099830756418143
Bulk 183,0.23031016668140933,0.20683945572807444,0.03966502059597681,0.21822101107313827,0.30496434592140126
Bulk 184,0.2886150180482564,0.050050903572656555,0.15176212461170105,0.3694583865378364,0.14011356722954954
Bulk 185,0.3365020871146064,0.07844839894711737,0.07398370994962482,0.2975751720658004,0.21349063192285112
Bulk 186,0.2689141817351271,0.1273281447146986,0.09276054427296664,0.3060047438775758,0.2049923853996318
Bulk 187,0.24813533933557677,0.18059914579433917,0.0,0.2362018951331106,0.33506361973697346
Bulk 188,0.32949137688908187,0.09012160315309085,0.049235003342550446,0.3342345584609893,0.19691745815428746
Bulk 189,0.4834744830356412,0.07869144831050824,0.0,0.22344406834749017,0.21439000030636032
Bulk 190,0.1458322399807445,0.09916645111444003,0.29236796059134973,0.22978339729645703,0.23284995101700884
Bulk 191,0.46049681744743604,0.0514106058602034,0.1295116463814449,0.1348092109905233,0.22377171932039222
Bulk 192,0.3841171394262774,0.16532834263736135,0.13502810794442419,0.15580440775743257,0.15972200223450445
Bulk 193,0.6845754498152604,0.05801058728078751,0.023401385579999795,0.23401257732395223,0.0
Bulk 194,0.5326654578802562,0.12952917642429956,0.14027932232867524,0.06388205446289867,0.13364398890387025
Bulk 195,0.26132405702753825,0.317002629747796,0.007411494381904083,0.0,0.4142618188427617
Bulk 196,0.10477963064013766,0.22393171773089096,0.14572910559146762,0.3006227449904897,0.22493680104701402
Bulk 197,0.2894920643249343,0.21027249471793755,0.05902783559901999,0.22695853612726183,0.21424906923084638
Bulk 198,0.7240480335069684,0.0694443206974728,0.04782754738304068,0.0888753028368921,0.06980479557562605
Bulk 199,0.17328425899602493,0.2478700567798901,0.11255093404962954,0.2534608337584843,0.21283391641597108
Bulk 200,0.14483209828828666,0.16802862379839953,0.19334964739406504,0.34715192221999797,0.14663770829925069
Bulk 201,0.11630119826337645,0.2556027922666967,0.0038168559522070438,0.32823900043202886,0.296040153085691
Bulk 202,0.4899633839186742,0.19871981525193452,0.0,0.19156482089122948,0.11975197993816195
Bulk 203,0.6799798057849737,0.1027818333376052,0.0,0.10068784864697808,0.11655051223044288
Bulk 204,0.23447626006432562,0.20969942072755104,0.12103826479864775,0.28298700594376114,0.1517990484657144
Bulk 205,0.5740121159152939,0.12653942495009218,0.0686441385566886,0.053046397179067374,0.17775792339885793
Bulk 206,0.7464576069758778,0.02405506078223782,0.0,0.0,0.2294873322418844
Bulk 207,0.17706007380971953,0.20412262697851843,0.15867288107252087,0.24806474844624887,0.21207966969299222
Bulk 208,0.5830271412873684,0.0,0.0,0.2040382845870321,0.21293457412559957
Bulk 209,0.5348463442852679,0.14958953809527503,0.015171658789619012,0.08864943083593128,0.2117430279939068
Bulk 210,0.19195763494108747,0.2465881894645105,0.13691622070285991,0.2058893184037375,0.21864863648780458
Bulk 211,0.18550478980528715,0.21345242558317054,0.048060833563394356,0.27077353039838686,0.2822084206497611
Bulk 212,0.5252777700425473,0.16118184632599697,0.0,0.12321063559742919,0.19032974803402664
Bulk 213,0.35608086098813696,0.11346721109900539,0.0805178785375244,0.2578348167069664,0.19209923266836704
Bulk 214,0.6074440451780866,0.09939498797617263,0.0352122465042297,0.03391925881655912,0.22402946152495207
Bulk 215,0.40464332333264313,0.16324497819722,0.0,0.212873161727275,0.2192385367428618
Bulk 216,0.19108850335912722,0.1939970937142026,0.06445015790170724,0.21727759058303348,0.33318665444192946
Bulk 217,0.5229849502577008,0.13103261876952776,0.0,0.1539561459110621,0.1920262850617094
Bulk 218,0.23325286697015646,0.10613716173960251,0.05942229505098935,0.3625856888081197,0.23860198743113198
Bulk 219,0.7133573313301461,0.04937211723029905,0.0,0.0,0.2372705514395548
Bulk 220,0.5940654353966545,0.016276341477621803,0.0,0.2131937834751404,0.1764644396505834
Bulk 221,0.2636307880628468,0.22366061379581012,0.10433479108212268,0.13760045159281986,0.27077335546640063
Bulk 222,0.1292045385231192,0.11733037446044842,0.042417045393684315,0.3344955934160703,0.3765524482066778
Bulk 223,0.16705468435726875,0.20174225796137882,0.09993332053840243,0.26282453075746104,0.26844520638548897
Bulk 224,0.3561163692022235,0.20577018652927986,0.0,0.25415260706121967,0.1839608372072769
Bulk 225,0.8728974385645782,0.0,0.07886750055106916,0.04823506088435268,0.0
Bulk 226,0.4486148657876642,0.07464522838425754,0.0,0.36510731408215275,0.11163259174592542
Bulk 227,0.06055510514852461,0.29125620115553186,0.12273796481617974,0.23161620691646514,0.2938345219632986
Bulk 228,0.35647334770464617,0.19645165806028056,0.0,0.13036315010635863,0.31671184412871456
Bulk 229,0.23204679640859413,0.10557325775495334,0.21241244844476007,0.2696326513385153,0.1803348460531771
Bulk 230,0.06890664696102361,0.2259725210320424,0.06108511211417895,0.40901168155885614,0.23502403833389893
Bulk 231,0.44643333304653904,0.20343020353902821,0.0,0.09108057252315208,0.2590558908912808
Bulk 232,0.0,0.24059048998347352,0.006559069143754221,0.4168711164378559,0.3359793244349163
Bulk 233,0.20852043161474956,0.14130775290563646,0.0,0.29907660909850353,0.3510952063811103
Bulk 234,0.18885829969934267,0.15925490899350297,0.2098159001242467,0.2002497527524575,0.24182113843045008
Bulk 235,0.4759033081768623,0.11075906705701936,0.0,0.20301697128108634,0.21032065348503196
Bulk 236,0.1582616594199055,0.19476292555815897,0.029061703759148842,0.4285708826627019,0.18934282860008483
Bulk 237,0.3709419209321672,0.11997570900894232,0.0628858874214758,0.15426421043039526,0.2919322722070194
Bulk 238,0.1043410445298804,0.15865706614381828,0.18473676233604766,0.3340566081822559,0.21820851880799771
Bulk 239,0.0,0.2684424438773603,0.13579875978210162,0.339282120709384,0.256476675631154
Bulk 240,0.4215438316479715,0.2043219015138996,0.0,0.2061702762167967,0.1679639906213323
Bulk 241,0.21721379087611195,0.19649435715167501,0.08222786863878302,0.39046569047030916,0.11359829286312069
Bulk 242,0.8442078782503011,0.0,0.0,0.0,0.15579212174969895
Bulk 243,0.5236204413869339,0.15557637731974228,0.0,0.016994475723332958,0.303808705569991
Bulk 244,0.3151753308278605,0.2242171330361204,0.10470368948522227,0.10326224359507187,0.252641603055725
Bulk 245,0.758629129546349,0.07517793200354957,0.0,0.0,0.16619293845010144
Bulk 246,0.24659489455881003,0.23959287763220682,0.0,0.1982317024178841,0.31558052539109915
Bulk 247,0.33959267600517257,0.12909007804952452,0.21318089044413993,0.1611247964749026,0.15701155902626038
Bulk 248,0.3769495725700691,0.15695660844814224,0.10193738663360752,0.10991052677697905,0.254245905571202
Bulk 249,0.4718018971165549,0.0872624128448954,0.15562705966308552,0.14181528381574934,0.14349334655971469
Bulk 250,0.5537498140678727,0.11491192949618895,0.08075596231633271,0.11260351932616912,0.13797877479343645
Bulk 251,0.2993094691292493,0.1289187246930154,0.0,0.3161947364083033,0.2555770697694321
Bulk 252,0.28242527494492625,0.1640644858656815,0.0,0.3028207477448758,0.2506894914445164
Bulk 253,0.271933175788078,0.13045669628426232,0.24737528907072642,0.2171461666186905,0.13308867223824283
Bulk 254,0.23035227816489964,0.1790522474853918,0.192971198133922,0.21340474602885393,0.1842195301869326
Bulk 255,0.10992071098783315,0.27899751982359966,0.05893925475464922,0.2682291874369564,0.2839133269969616
Bulk 256,0.03885142334265933,0.18138620059854177,0.02278684860251628,0.4246148139082367,0.3323607135480459
Bulk 257,0.06871973137963003,0.2698836918468004,0.03279928972098717,0.3843013615147981,0.2442959255377843
Bulk 258,0.4383614074371317,0.10357462266164617,0.07167377359899316,0.12287429474982314,0.26351590155240595
Bulk 259,0.4222808414291272,0.18432708294779893,0.0,0.02770076766372081,0.3656913079593532
Bulk 260,0.08752994262640747,0.12867993070378733,0.122145321606498,0.3405392346017675,0.3211055704615397
Bulk 261,0.09159261694427967,0.12352399090082922,0.1776029358427502,0.4509342618091928,0.156346194502948
Bulk 262,0.18690695015517259,0.2098471099618988,0.010555347932166751,0.30898539764079647,0.28370519430996544
Bulk 263,0.3154913979048659,0.10330771770099713,0.12680211152271284,0.31695000594389416,0.13744876692752991
Bulk 264,0.14279406109607234,0.20594169509493568,0.2173162822287792,0.19915111301459282,0.23479684856561997
Bulk 265,0.1270501736998344,0.23256014002054048,0.05156396407560595,0.3095656208884776,0.27926010131554146
Bulk 266,0.4116000493270398,0.1536233233703586,0.0,0.165603661979281,0.2691729653233205
Bulk 267,0.44655941206902483,0.0,0.0,0.3506775012247165,0.20276308670625862
Bulk 268,0.26117756554250077,0.11638172594227277,0.18528899457677162,0.3282684700802589,0.10888324385819598
Bulk 269,0.3599255345940763,0.16175881971087877,0.0,0.2507874048663004,0.22752824082874454
Bulk 270,0.3106430105827228,0.23535608460537544,0.0,0.13208690212659524,0.32191400268530646
Bulk 271,0.0,0.17602636549298264,0.12030202189869278,0.4523619315064011,0.2513096811019235
Bulk 272,0.28529317861736725,0.18868306149397485,0.12408055182921576,0.18783348727517332,0.21410972078426896
Bulk 273,0.3975257514880721,0.18730335866494313,0.0,0.2302809359487362,0.18488995389824864
Bulk 274,0.4277428123480696,0.0,0.03066206195265292,0.5415951256992776,0.0
Bulk 275,0.09991917451579103,0.13669649778698567,0.07578238523613616,0.4150810871992561,0.27252085526183095
Bulk 276,0.4749907272293558,0.12437467685587635,0.0838347289591533,0.12312741810935302,0.19367244884626142
Bulk 277,0.57120943797992,0.14420035403156695,0.04917363014245421,0.23541657784605904,0.0
Bulk 278,0.054320068935465864,0.15996095784334233,0.18018428107017798,0.370994104189201,0.23454058796181293
Bulk 279,0.21146939058795278,0.12277103210565996,0.29345364132557034,0.3626060221702227,0.009699913810594128
Bulk 280,0.7773994784357975,0.029926764556942043,0.0,0.0,0.19267375700726042
Bulk 281,0.7531209987289104,0.030481137071518036,0.0,0.0,0.21639786419957155
Bulk 282,0.6933290651122646,0.030883671902269694,0.0,0.18761540076854802,0.08817186221691774
Bulk 283,0.4092177482709116,0.2197087978840215,0.0,0.04250234423323472,0.32857110961183217
Bulk 284,0.5547091762655054,0.05854022040427402,0.28701011787366737,0.024101689434899678,0.07563879602165358
Bulk 285,0.5078365362510194,0.08979038886444174,0.0,0.12592942021271245,0.27644365467182636
Bulk 286,0.14470106987110082,0.3000006059150208,0.1633867571125171,0.12865087727991886,0.26326068982144246
Bulk 287,0.0,0.22943054006430683,0.07809656819401115,0.3296603003754953,0.36281259136618665
Bulk 288,0.5683191959251715,0.1192525770510053,0.0,0.1638909224750596,0.1485373045487634
Bulk 289,0.6273159050194954,0.12643276797777916,0.0,0.0,0.24625132700272545
Bulk 290,0.3099223016101811,0.21381934512326609,0.0,0.1266775565188355,0.34958079674771725
Bulk 291,0.8054344183245584,0.014413181848634186,0.0,0.0,0.1801523998268075
Bulk 292,0.36187034942647667,0.23244735477258235,0.05237882819380638,0.1518310419489931,0.20147242565814139
Bulk 293,0.29929266771367924,0.1291278312959088,0.046456263171807025,0.34130931139895204,0.183813926419653
Bulk 294,0.5754231639735854,0.17009071983590074,0.0,0.13304089277090952,0.12144522341960433
Bulk 295,0.39227700556267486,0.1436095483460681,0.09235665561350583,0.15532514256901642,0.21643164790873476
Bulk 296,0.7230567689536237,0.018374405758066384,0.0,0.1847774215988987,0.07379140368941121
Bulk 297,0.887532307489018,0.0,0.0,0.0,0.11246769251098196
Bulk 298,0.2395579017621045,0.258181436458868,0.023033553398818303,0.16226103616137336,0.31696607221883605
Bulk 299,0.6730152507542766,0.07991228715984884,0.022251935995235766,0.0,0.2248205260906388
Bulk 300,0.136952084931125,0.060733302764813854,0.15560795358251236,0.529974657248826,0.11673200147272271
Bulk 301,0.15834796644210117,0.2884081929428896,0.0,0.2348644292287641,0.31837941138624515
Bulk 302,0.25593589181906745,0.0,0.10111095616075623,0.642711270493898,0.0002418815262782584
Bulk 303,0.5141373757474176,0.081439325240171,0.0,0.10919013055260358,0.2952331684598078
Bulk 304,0.5451044906223589,0.01906521018896387,0.0,0.15589145728455514,0.27993884190412216
Bulk 305,0.4543895219630871,0.15287699684535733,0.00934389378317488,0.005252889504040833,0.37813669790434007
Bulk 306,0.4699923440564439,0.15377115595662816,0.0,0.0,0.37623649998692793
Bulk 307,0.5693578510321927,0.09934005226881185,0.024681044690877806,0.11316036066346213,0.1934606913446555
Bulk 308,0.42350726415598383,0.12131008800762957,0.04601603336437867,0.1966011628768825,0.21256545159512544
Bulk 309,0.16971714678119962,0.19593702936376234,0.08838260428453963,0.29201945053806644,0.253943769032432
Bulk 310,0.507021502608572,0.1488912486066074,0.0,0.09690184080776035,0.2471854079770603
Bulk 311,0.1827586171400649,0.19482003531884418,0.05295339022422656,0.18252336248817558,0.38694459482868887
Bulk 312,0.4924129437998283,0.12837365263155895,0.0,0.18891868326830683,0.19029472030030592
Bulk 313,0.2517451293132576,0.17148838259218468,0.04588584331748262,0.217442769749196,0.3134378750278791
Bulk 314,0.5643748948816212,0.16547901003992996,0.016108434151298798,0.0,0.25403766092715
Bulk 315,0.22187988221209107,0.16427729787562684,0.0,0.35259982966887105,0.26124299024341113
Bulk 316,0.321491166889676,0.17895335112426508,0.0,0.18249489508971115,0.3170605868963478
Bulk 317,0.41005725004810895,0.1297252085169579,0.0,0.22428765936439285,0.23592988207054014
Bulk 318,0.4947955071394849,0.08309446369606681,0.0,0.1388527037874517,0.28325732537699666
Bulk 319,0.19368090066038274,0.12872174532064323,0.1550915152803736,0.3244500746540807,0.1980557640845197
Bulk 320,0.5854292570961864,0.09347769791243894,0.0,0.0,0.32109304499137475
Bulk 321,0.36091879583550324,0.13011538755593233,0.11909637097952008,0.2011104124721947,0.18875903315684958
Bulk 322,0.22519621166026377,0.13269003779828453,0.10926718157965659,0.34425685325321237,0.1885897157085827
Bulk 323,0.12607286992018996,0.26540489731797906,0.20898728638772007,0.08888958021671178,0.31064536615739907
Bulk 324,0.2726104288722899,0.22231220307041746,0.03209579969912455,0.1877896289732356,0.28519193938493237
Bulk 325,0.16281074888896133,0.1865142529746537,0.40660019563391925,0.055873228223007644,0.18820157427945808
Bulk 326,0.020638812567636652,0.18308277695350533,0.5683987783336548,0.1342244983257117,0.09365513381949164
Bulk 327,0.1404242671140152,0.2517761796124735,0.15454212187322772,0.1873432673817213,0.2659141640185622
Bulk 328,0.2364798459495206,0.24381010961999683,0.12479804952219928,0.12086641969634032,0.27404557521194295
Bulk 329,0.6024377541330616,0.0720669133177057,0.17345139913687382,0.1175230942035952,0.03452083920876379
Bulk 330,0.13415430295111377,0.2713178013896377,0.033894763587720964,0.24122552793222102,0.3194076041393066
Bulk 331,0.2674535639199494,0.12245715314316773,0.17845533943051392,0.2632562321141506,0.1683777113922184
Bulk 332,0.4959700063456585,0.07092689271946355,0.0,0.13130457441605536,0.3017985265188226
Bulk 333,0.6796944834486879,0.07720261996704134,0.0,0.0,0.24310289658427076
Bulk 334,0.0,0.24301087757893267,0.03792366406850217,0.4558720076914953,0.26319345066106986
Bulk 335,0.27074929491061983,0.14101416168165318,0.05553564424151166,0.32843853884795843,0.20426236031825695
Bulk 336,0.3043146371297546,0.2681998697678407,0.0,0.13261624375196562,0.29486924935043896
Bulk 337,0.22592558934973742,0.20879391666870303,0.021675949074941442,0.307807010068451,0.23579753483816707
Bulk 338,0.3181017322972504,0.05033737761142317,0.10217782852324543,0.4104170169933671,0.11896604457471383
Bulk 339,0.758439159020401,0.06208301603887369,0.07856604668614965,0.0,0.1009117782545756
Bulk 340,0.11097199959676622,0.17011716444347463,0.15396999151613885,0.32903966240686244,0.23590118203675786
Bulk 341,0.3452713104571921,0.24832236082981604,0.14852034189190513,0.0,0.2578859868210867
Bulk 342,0.0,0.21977654011161946,0.12955156498041615,0.4294553173404995,0.2212165775674649
Bulk 343,0.15114867314915253,0.2433397820538438,0.03291319997920314,0.27306212147420394,0.29953622334359675
Bulk 344,0.5351438140448372,0.06887191665956811,0.0,0.1416656879127014,0.2543185813828934
Bulk 345,0.31737184847854155,0.1765275896671085,0.18370998740244152,0.07134456657512278,0.25104600787678577
Bulk 346,0.30467022763962137,0.19252215442343734,0.05068827081190169,0.33140534916447345,0.12071399796056619
Bulk 347,0.32766328871587974,0.07379167806864749,0.14724782395625263,0.23918933568754877,0.21210787357167146
Bulk 348,0.7146225700805819,0.041582066577750584,0.032867081148265025,0.12590823027460757,0.08502005191879496
Bulk 349,0.4072205911688087,0.2495402788223168,0.02482626573559414,0.0,0.3184128642732804
Bulk 350,0.565680282836616,0.19195992792840275,0.0,0.0,0.24235978923498144
Bulk 351,0.8678163277855033,0.0,0.0853022890561458,0.03988250571155453,0.006998877446796398
Bulk 352,0.04759449819692094,0.1777008929648211,0.09040176067954901,0.46732307135359774,0.2169797768051113
Bulk 353,0.5416992299265193,0.12441295402698395,0.0,0.081737470143651,0.2521503459028458
Bulk 354,0.5984069185393462,0.14300297632629697,0.0,0.0,0.2585901051343569
Bulk 355,0.40712697568564504,0.012954591065923221,0.06076213032094704,0.39947434947175314,0.11968195345573164
Bulk 356,0.3522385994064347,0.18258105584695034,0.0,0.16110621620359292,0.304074128543022
Bulk 357,0.2553402542150656,0.25188226080621967,0.05194498285956877,0.20351186318984893,0.2373206389292969
Bulk 358,0.5449576107587081,0.11422651740993602,0.0,0.0571642297823704,0.2836516420489855
Bulk 359,0.13058281151994697,0.18848693771312672,0.11997282907294128,0.41232950855643874,0.14862791313754642
Bulk 360,0.5667020947497102,0.10586521124871826,0.0,0.031046366593211108,0.2963863274083604
Bulk 361,0.522556375019615,0.21513142944956276,0.0,0.03522741424881029,0.22708478128201193
Bulk 362,0.10576820293667961,0.1653956355487967,0.03839464271106087,0.39127076522892595,0.29917075357453693
Bulk 363,0.14541940261220487,0.1794724777266187,0.15037019542342356,0.3888147490825516,0.1359231751552012
Bulk 364,0.42648816877676915,0.05409490661504276,0.0,0.10616555734581978,0.4132513672623684
Bulk 365,0.4014331703056448,0.0999006744357402,0.0,0.23599598131177202,0.262670173946843
Bulk 366,0.14933704162151498,0.2132614242342155,0.08735234760098519,0.2997066754272095,0.2503425111160748
Bulk 367,0.2782388581485178,0.13704674878229758,0.20148188226623162,0.2501192240531587,0.13311328674979428
Bulk 368,0.18010771676505744,0.2992060449547646,0.06030998612161998,0.00595116865656204,0.45442508350199595
Bulk 369,0.2636461563902456,0.24113784973007735,0.0,0.1839486232280236,0.3112673706516535
Bulk 370,0.24011556767214368,0.2091816587881135,0.07077247162265551,0.2031379218192734,0.27679238009781404
Bulk 371,0.34545372999779744,0.2815519803527715,0.0,0.059342366880959986,0.313651922768471
Bulk 372,0.39591743807092483,0.04487162420285591,0.0853008318101975,0.2567181597656642,0.2171919461503575
Bulk 373,0.09979586771021255,0.2372639116880082,0.1988617459514175,0.2619252133520537,0.20215326129830802
Bulk 374,0.299229638698418,0.10940987860330045,0.33878971566812816,0.11694128617428486,0.13562948085586865
Bulk 375,0.1643006969073519,0.09971458500155926,0.31091792458493905,0.4250667935061497,0.0
Bulk 376,0.7325164322327923,0.06493311136360445,0.0,0.041095745526374974,0.16145471087722832
Bulk 377,0.40998122066516957,0.19860940168974456,0.0,0.24476690824335087,0.146642469401735
Bulk 378,0.19443751454745292,0.21216830729446268,0.1580558484855906,0.19935240567953916,0.23598592399295462
Bulk 379,0.11633209097524413,0.23552470540353315,0.09231722230348301,0.23019593247372688,0.32563004884401275
Bulk 380,0.6902470809394567,0.0360120235818362,0.0,0.09791231431938878,0.17582858115931835
Bulk 381,0.7069878283362899,0.10875576293620488,0.009869044140372178,0.009969325985159212,0.16441803860197393
Bulk 382,0.4667981239127601,0.23854291481079076,0.0,0.04334050587732867,0.2513184553991205
Bulk 383,0.5367156011621362,0.03363865657754715,0.0,0.33514164086704307,0.09450410139327355
Bulk 384,0.09966184607950837,0.22632484466982555,0.10507296605600608,0.3402905547051246,0.22864978848953543
Bulk 385,0.0394173681070462,0.1538469901701674,0.07973084285548708,0.410981678904646,0.31602311996265336
Bulk 386,0.15971534554852287,0.23504874383566954,0.08223983952041534,0.21016268478362443,0.3128333863117678
Bulk 387,0.09682206805511627,0.0893392750301052,0.4449268651270344,0.36891179178774414,0.0
Bulk 388,0.44681008005016287,0.3068605418560688,0.06880750228845867,0.0,0.1775218758053095
Bulk 389,0.4628308110548788,0.22645476102241976,0.0,0.0,0.3107144279227014
Bulk 390,0.5631712567200804,0.11977651773408805,0.0,0.10649079044280527,0.21056143510302636
Bulk 391,0.30287947712155155,0.17742024469575146,0.0,0.19559011302070775,0.3241101651619892
Bulk 392,0.23222493616824558,0.22135919958054395,0.0,0.2705456955135319,0.2758701687376785
Bulk 393,0.0,0.27279559514496293,0.06922570665734623,0.2860082260342025,0.37197047216348833
Bulk 394,0.3026164072254293,0.1861828025472924,0.0,0.19783073378582083,0.3133700564414573
Bulk 395,0.36440450016639286,0.2794518681053985,0.0,0.09091082040529366,0.2652328113229149
Bulk 396,0.570596459155873,0.21761382587286895,0.0,0.0,0.2117897149712582
Bulk 397,0.7239393688450767,0.018046816644761737,0.0,0.0,0.2580138145101614
Bulk 398,0.7915730769218915,0.06206187681790441,0.0,0.010646284410852466,0.13571876184935158
Bulk 399,0.40335714683382196,0.12175638599405067,0.1838448846713177,0.13278065305398506,0.15826092944682457
Bulk 400,0.34229343570092463,0.10771181915051278,0.10133838591103606,0.30763583083896584,0.14102052839856075
Bulk 401,0.3249831594060172,0.13629088612656517,0.0,0.24788474720620557,0.2908412072612122
Bulk 402,0.09332337242146968,0.20791050595601418,0.05627656257384029,0.2511097471011449,0.3913798119475309
Bulk 403,0.47542274860537115,0.024845759236798964,0.04862460599916808,0.19244963910450005,0.2586572470541617
Bulk 404,0.4212194908475817,0.18614268959786864,0.0,0.1778956830516043,0.21474213650294532
Bulk 405,0.4416319734620707,0.19983677973411332,0.011402311722315964,0.10188397352993142,0.24524496155156847
Bulk 406,0.38154280637052623,0.1642050809269093,0.07592059980054945,0.1483517271508471,0.22997978575116804
Bulk 407,0.42127335579915604,0.16700406619377098,0.0,0.30962288235574986,0.10209969565132324
Bulk 408,0.4490727727546425,0.18763074041933261,0.0,0.021513412727242442,0.34178307409878245
Bulk 409,0.6285607841509329,0.06443856620025946,0.0,0.13040793697186429,0.17659271267694338
Bulk 410,0.0974248621891109,0.2942620349941012,0.027938035152092134,0.18361024129388676,0.3967648263708092
Bulk 411,0.22997997651849983,0.2942146947750829,0.031100331164898326,0.1964568897692533,0.24824810777226552
Bulk 412,0.3115268684508854,0.05705140298250978,0.03550621511561736,0.41686338327582856,0.179052130175159
Bulk 413,0.1980088579843743,0.28742951710358,0.07670673187083868,0.1016121143843911,0.3362427786568159
Bulk 414,0.2927415242933289,0.20607685360756425,0.11263994790624104,0.0,0.3885416741928657
Bulk 415,0.2807411304526172,0.24743684601546193,0.0,0.19441647939653764,0.27740554413538315
Bulk 416,0.0,0.28497941987359426,0.10401509907729871,0.3720099564669508,0.23899552458215625
Bulk 417,0.3488159526895019,0.114900124782136,0.29436789807554425,0.1121892770897565,0.1297267473630615
Bulk 418,0.07896650658388268,0.3119068958435111,0.10152484303649441,0.18195089238141735,0.3256508621546945
Bulk 419,0.2609576124009956,0.13852263964615927,0.08280194716351595,0.30240072139222773,0.21531707939710146
Bulk 420,0.7201858586434159,0.11482659811725561,0.0,0.0,0.16498754323932852
Bulk 421,0.516075234027765,0.19614173056917664,0.08855529501112178,0.021781283888224215,0.17744645650371244
Bulk 422,0.0792125090987386,0.2894943557536172,0.14321587479440928,0.20828802139297573,0.27978923896025926
Bulk 423,0.4569303463196938,0.12013607090909488,0.0,0.22505126389024707,0.19788231888096428
Bulk 424,0.4887998290677035,0.030148387603800036,0.22157261470190603,0.2552270287872911,0.004252139839299348
Bulk 425,0.3787472706185078,0.1718718442160521,0.03711799265715084,0.27744461249291524,0.13481828001537408
Bulk 426,0.6220673333276191,0.10985282300100215,0.09803013286521618,0.0,0.1700497108061625
Bulk 427,0.35815409803940035,0.014393453430814936,0.26940895129106873,0.3200647146288566,0.03797878260985932
Bulk 428,0.14025322795193323,0.34219038887063824,0.06371109651476194,0.1312933167135571,0.32255196994910956
Bulk 429,0.4570292761846702,0.1692022320465942,0.007352075798686672,0.23640815747554722,0.13000825849450173
Bulk 430,0.19727500705817938,0.20584239603104174,0.0,0.41672567697556245,0.18015691993521654
Bulk 431,0.48045388127771627,0.10784760722644873,0.0958576114857305,0.0964728637719785,0.21936803623812592
Bulk 432,0.3792712180972417,0.12912154468035772,0.011423250861101918,0.2348992503718862,0.24528473598941244
Bulk 433,0.26396446820398733,0.20024423301471375,0.0,0.21398359619100188,0.3218077025902972
Bulk 434,0.49581654244798373,0.10555770688172143,0.03137740858935964,0.23907080315396523,0.12817753892697006
Bulk 435,0.4888489399125456,0.19194308545638886,0.032375940466609895,0.13395608887663352,0.15287594528782217
Bulk 436,0.16882783504269702,0.19795639426985065,0.19210865255377998,0.2302240536510427,0.2108830644826295
Bulk 437,0.4167327856631383,0.10832611119049636,0.1313659802182104,0.20847526599901348,0.13509985692914137
Bulk 438,0.30777617304587945,0.11104262672289202,0.1555154503419102,0.12479394031820369,0.30087180957111453
Bulk 439,0.0993896070259044,0.11889149523363968,0.0,0.20711797959553777,0.5746009181449182
Bulk 440,0.5786760975254487,0.12416479956103726,0.0,0.13124678049847854,0.16591232241503565
Bulk 441,0.23021862438906038,0.1998632279023041,0.046822754607695784,0.22437810562677593,0.2987172874741639
Bulk 442,0.12649391297692852,0.09100998697259449,0.0025663117083347823,0.642690638926127,0.13723914941601517
Bulk 443,0.7558005433907142,0.04396139309173029,0.0,0.1438009006257783,0.05643716289177727
Bulk 444,0.1726393479786476,0.2221724654431944,0.024300522293863484,0.2673844566723239,0.31350320761197054
Bulk 445,0.3587743278375083,0.18085614124430327,0.0,0.13985826562995116,0.32051126528823737
Bulk 446,0.23842507325736392,0.15749393309651447,0.03347738262845654,0.38479725713436447,0.1858063538833007
Bulk 447,0.18209318477496672,0.2889333048306633,0.06804854492473213,0.17501099968301279,0.285913965786625
Bulk 448,0.27092729585334724,0.1732013994087576,0.0,0.24966146414160972,0.3062098405962854
Bulk 449,0.22027504563853828,0.18837404710824487,0.08132919510067625,0.2845073168434749,0.22551439530906572
Bulk 450,0.3840617838452444,0.05868886558384459,0.0766976775083765,0.22114597439451583,0.2594056986680186
Bulk 451,0.28363351248421076,0.18194328678725613,0.0,0.26919055799309544,0.2652326427354376
Bulk 452,0.020638307530970543,0.19373659535967203,0.08522817753099443,0.4331948559898752,0.2672020635884879
Bulk 453,0.3948800370160111,0.13404933400430155,0.0,0.15429727615423655,0.3167733528254508
Bulk 454,0.10631591533670248,0.1649993335555019,0.007596000028566238,0.522644640940973,0.19844411013825647
Bulk 455,0.2969662950251625,0.1430470219130951,0.3465198074604828,0.042363101000026805,0.17110377460123277
Bulk 456,0.0477577004020708,0.18793997246253094,0.21113597006124712,0.3898674657490999,0.16329889132505127
Bulk 457,0.3557797657032903,0.07102707270914302,0.07780435744260535,0.3505813743876654,0.14480742975729588
Bulk 458,0.4635467573667537,0.058231347372879834,0.0,0.1567596449349237,0.3214622503254428
Bulk 459,0.09882652634188809,0.09366702026854805,0.2161671197661553,0.40464521003800674,0.18669412358540174
Bulk 460,0.2360660400403201,0.0873784008329054,0.247728000628188,0.35189960358453487,0.07692795491405169
Bulk 461,0.043473235614302386,0.22364809028986354,0.15681244433801983,0.31923971285329183,0.2568265169045224
Bulk 462,0.45312984640566845,0.0,0.08503265584908128,0.4367243741339602,0.025113123611290013
Bulk 463,0.4183975868895558,0.026941246005641625,0.029234125830107188,0.45474840022592633,0.07067864104876924
Bulk 464,0.1776543911346418,0.2401694647696612,0.050983614779404864,0.2720682763832695,0.2591242529330227
Bulk 465,0.6619282327007047,0.1098111029202472,0.0,0.032052563754988106,0.19620810062405994
Bulk 466,0.05952036060171744,0.19541287971159124,0.023256410061028774,0.43569707876080493,0.28611327086485755
Bulk 467,0.1850422756657028,0.07125838197210502,0.21135036740969637,0.37348494306783553,0.15886403188466036
Bulk 468,0.21831582663920518,0.1517410860783588,0.0657357297753389,0.34351928899164186,0.2206880685154552
Bulk 469,0.17545667307763346,0.28261237423922125,0.0,0.17872017464233772,0.36321077804080765
Bulk 470,0.2774368508124326,0.19553872680272452,0.09735755217375103,0.16934177739556677,0.26032509281552524
Bulk 471,0.15873059398818676,0.18036886362224572,0.07686854664045674,0.3814231173997313,0.20260887834937946
Bulk 472,0.6455803132119405,0.022232300350001493,0.16529495613852838,0.0,0.16689243029952958
Bulk 473,0.5268709281474162,0.13881334502482653,0.0,0.0657654577070587,0.2685502691206985
Bulk 474,0.24047500291873736,0.13008169967436914,0.2398080780066431,0.3327476195548966,0.056887599845353715
Bulk 475,0.39406357338928855,0.08926246278608022,0.0,0.28620752661260224,0.230466437212029
Bulk 476,0.1625242365717833,0.09060824736935519,0.08822233275181514,0.4435648851236208,0.2150802981834256
Bulk 477,0.6123861167740193,0.10352433092876716,0.0,0.21583963944893725,0.0682499128482761
Bulk 478,0.06334799629245463,0.12839785858806502,0.1320060123108892,0.3816694907399805,0.2945786420686106
Bulk 479,0.06568803180087952,0.2640941884822636,0.05592420605863381,0.40370412010224743,0.21058945355597553
Bulk 480,0.168777385561789,0.17673841485825273,0.03365453766067538,0.35593379711555007,0.2648958648037328
Bulk 481,0.3810039284703315,0.07112201134863869,0.18951027307946883,0.32997409050195564,0.028389696599605392
Bulk 482,0.8512708772499721,0.0,0.0,0.0,0.14872912275002792
Bulk 483,0.12149220123186938,0.07227758161896043,0.11996073226999264,0.4686145531769144,0.2176549317022632
Bulk 484,0.2940201155558282,0.11832653647867708,0.2331782107523282,0.23388479208715082,0.12059034512601574
Bulk 485,0.23922892051753342,0.19583826033194576,0.0,0.2895890052549296,0.27534381389559115
Bulk 486,0.7434734275506665,0.045483329292043934,0.0,0.028003413095875864,0.1830398300614138
Bulk 487,0.2685812544558202,0.15232777628870706,0.08431392832544836,0.14849636414298584,0.3462806767870384
Bulk 488,0.4898331853770011,0.17084988984729088,0.0,0.12818589511371192,0.21113102966199615
Bulk 489,0.0,0.13374294853117105,0.14370468194942984,0.615006487589427,0.10754588192997216
Bulk 490,0.10541978491345029,0.17557644940487543,0.06925110689555504,0.4161722529719824,0.23358040581413678
Bulk 491,0.5887292226961043,0.13217777973914177,0.0,0.040551026036853385,0.23854197152790055
Bulk 492,0.24015029117366343,0.11398894989123692,0.18841911269022316,0.3060837572399908,0.1513578890048855
Bulk 493,0.4623530131547818,0.14277769843121116,0.0,0.13808917046783975,0.25678011794616723
Bulk 494,0.27458194392607593,0.21429692720440233,0.023759696663426613,0.22272441439503302,0.26463701781106214
Bulk 495,0.08881458002239731,0.254629812117717,0.1199255380143233,0.20543623822053506,0.3311938316250274
Bulk 496,0.4844919903357837,0.05701264711623891,0.0,0.2757833743601202,0.18271198818785708
Bulk 497,0.4027802343515544,0.16696197056768894,0.0,0.25562364238545776,0.17463415269529894
Bulk 498,0.2593914023133457,0.1752632830706159,0.1595743031270438,0.2949202354696414,0.11085077601935305
Bulk 499,0.3510156641618033,0.1261314795791657,0.0,0.3098073179017641,0.21304553835726706
Bulk 500,0.4792725918263785,0.09948281590681686,0.0,0.22697877172374067,0.19426582054306407
Bulk 501,0.29879314737552337,0.22586035843053318,0.017427486738211397,0.17235474913989263,0.28556425831583926
Bulk 502,0.2667188713588515,0.1717585079552954,0.13317080631617445,0.2580873202065413,0.17026449416313738
Bulk 503,0.52838981627843,0.0354036967244102,0.0,0.299488841530926,0.13671764546623377
Bulk 504,0.14850341281992857,0.15725162761166286,0.0,0.4559567005278063,0.2382882590406023
Bulk 505,0.2076348629333762,0.1231055629560556,0.10937426138152403,0.3615854830375239,0.19829982969152027
Bulk 506,0.265837889766253,0.06235750912015484,0.0,0.4822416442110273,0.18956295690256494
Bulk 507,0.45182928167572306,0.07107897709902598,0.10395990882240332,0.1975548383569236,0.17557699404592408
Bulk 508,0.2313001789007136,0.0,0.005912475921092449,0.6498377537185832,0.11294959145961074
Bulk 509,0.07971102620510108,0.210850230542034,0.05777295694676446,0.41462735318758126,0.23703843311851908
Bulk 510,0.388851704823675,0.04335542865439326,0.22309202569309924,0.28666467584092314,0.05803616498790933
Bulk 511,0.12130760743656407,0.07303955430544395,0.26429613392560025,0.4656947884684112,0.07566191586398044
Bulk 512,0.5316447707183214,0.05382570598566139,0.19158601110275172,0.1483886453604029,0.07455486683286261
Bulk 513,0.3065586651563629,0.18006033915850977,0.15703957155489623,0.22330638806417286,0.13303503606605832
Bulk 514,0.3706053743027202,0.16964263293367973,0.07729562076589803,0.07438278216186017,0.3080735898358419
Bulk 515,0.3322583596093726,0.2335284551909763,0.0,0.027864078679356884,0.4063491065202943
Bulk 516,0.04660008343477429,0.26837834695352825,0.11984917532314193,0.21404410818193614,0.35112828610661934
Bulk 517,0.23980176752050023,0.2107047705593574,0.053342824702983335,0.25266483510652954,0.2434858021106296
Bulk 518,0.5372885218368559,0.07164331499463564,0.0,0.23731223460316636,0.15375592856534204
Bulk 519,0.2783722479440002,0.11367071357346621,0.1016520473734188,0.19418841233252662,0.31211657877658827
Bulk 520,0.1646509339581026,0.09013933065637929,0.11451778648694147,0.4551159692018182,0.17557597969675837
Bulk 521,0.3350567056403836,0.1665011690374343,0.0,0.3207616320223898,0.17768049329979232
Bulk 522,0.7585464776758664,0.07093879002688622,0.0,0.05955470844733192,0.11096002384991543
Bulk 523,0.45887324498844523,0.17874373359618054,0.07810073894963883,0.14249682355045049,0.1417854589152849
Bulk 524,0.5669299463104814,0.0,0.05867566539143343,0.3390152535060214,0.03537913479206364
Bulk 525,0.009855074115941744,0.1930647892900698,0.11878236792524613,0.3783821464560609,0.2999156222126815
Bulk 526,0.41426165990865754,0.0624433743700476,0.1346800364975412,0.16913314934571383,0.2194817798780399
Bulk 527,0.043274079571068436,0.2726853153468983,0.06583677677034896,0.312603279848454,0.3056005484632303
Bulk 528,0.14485085441187615,0.21567957627407336,0.05146031214894379,0.27857460539268986,0.3094346517724169
Bulk 529,0.026200906708960973,0.2873373186851149,0.09593707186523932,0.30889614855142294,0.2816285541892618
Bulk 530,0.11625636891770104,0.18892298701443047,0.186912029765057,0.3270836230348725,0.18082499126793924
Bulk 531,0.09232463867366086,0.25502232427954574,0.0014818946647132934,0.3391208313440827,0.31205031103799746
Bulk 532,0.4544169698181044,0.10781792096705727,0.0,0.17059218188395828,0.26717292733088005
Bulk 533,0.4753060354550547,0.07514693530402547,0.0,0.19332064354154832,0.25622638569937145
Bulk 534,0.46177270418069094,0.08270991725862702,0.07012307688327306,0.22584904421337695,0.15954525746403217
Bulk 535,0.6108431397537251,0.11710879938297263,0.0,0.10882951119160522,0.16321854967169702
Bulk 536,0.09984709680487762,0.22390197270342171,0.0633648200624676,0.31621736245941334,0.2966687479698198
Bulk 537,0.4225248873517172,0.11695354969974603,0.0,0.23895520480341625,0.2215663581451205
Bulk 538,0.41467610520378606,0.1611964891076988,0.0,0.23055133683226686,0.19357606885624823
Bulk 539,0.10176787833615333,0.13791817699242426,0.06637295035421051,0.44699235369400575,0.2469486406232061
Bulk 540,0.13887510412253032,0.2241044585412758,0.056394503024913785,0.27626977007445985,0.30435616423682027
